sample	pos	depth	A	C	G	T	called	major_frac
116f	4	23	5	0	18	0	G	0.78
116f	51	456	306	0	150	0	R	0.67
116f	56	467	259	0	208	0	R	0.55
116f	64	484	383	0	101	0	A	0.79
116f	69	494	1	394	0	99	C	0.8
116f	100	505	0	178	0	327	Y	0.65
116f	105	510	0	181	0	329	Y	0.65
116f	152	493	263	0	230	0	R	0.53
116f	158	466	362	0	103	1	A	0.78
116f	161	446	325	0	121	0	R	0.73
116f	185	383	0	271	0	112	Y	0.71
116f	193	300	0	124	0	176	Y	0.59
116f	201	345	0	223	0	122	Y	0.65
116f	211	383	0	89	0	294	T	0.77
116f	227	468	0	248	0	220	Y	0.53
116f	283	713	257	0	456	0	R	0.64
116f	289	766	1	513	0	252	Y	0.67
116f	337	1030	800	0	230	0	A	0.78
116f	11559	273	205	0	1	67	A	0.75
116f	15969	58	0	12	0	46	T	0.79
116f	15973	1	1	0	0	0	N	1.0
116f	15974	1	0	0	0	1	N	1.0
116f	15975	1	0	0	0	1	N	1.0
116f	15976	1	0	1	0	0	N	1.0
116f	15977	1	0	1	0	0	N	1.0
116f	15978	1	0	0	0	1	N	1.0
116f	15979	2	2	0	0	0	N	1.0
116f	15980	2	0	0	0	2	N	1.0
116f	15981	2	0	0	0	2	N	1.0
116f	16325	942	0	743	100	99	C	0.79
189f	4	21	11	0	10	0	R	0.52
189f	51	699	245	0	454	0	R	0.65
189f	56	707	397	0	310	0	R	0.56
189f	64	735	574	0	161	0	A	0.78
189f	100	779	0	312	0	467	Y	0.6
189f	105	782	0	316	0	466	Y	0.6
189f	152	757	421	0	336	0	R	0.56
189f	158	725	569	0	156	0	A	0.78
189f	161	722	517	0	205	0	R	0.72
189f	193	529	0	218	0	311	Y	0.59
189f	201	589	0	360	0	229	Y	0.61
189f	203	576	0	158	0	418	Y	0.73
189f	211	634	0	210	0	424	Y	0.67
189f	227	758	0	413	0	345	Y	0.54
189f	283	1078	375	0	703	0	R	0.65
189f	289	1152	0	769	0	383	Y	0.67
189f	337	1505	1154	0	351	0	A	0.77
189f	15930	32	23	0	0	9	W	0.72
189f	15941	17	0	7	0	10	Y	0.59
189f	15945	16	0	6	0	10	Y	0.62
189f	15950	13	0	10	0	3	C	0.77
189f	15952	14	4	0	0	10	W	0.71
189f	16325	1272	0	988	126	158	C	0.78
1buck_m_	4	19	5	0	14	0	R	0.74
1buck_m_	51	484	160	0	324	0	R	0.67
1buck_m_	56	497	284	0	213	0	R	0.57
1buck_m_	64	510	392	0	118	0	A	0.77
1buck_m_	69	517	0	405	0	112	C	0.78
1buck_m_	100	515	0	208	0	307	Y	0.6
1buck_m_	105	512	0	209	0	303	Y	0.59
1buck_m_	152	466	266	0	200	0	R	0.57
1buck_m_	161	420	300	0	120	0	R	0.71
1buck_m_	185	363	0	277	1	85	C	0.76
1buck_m_	193	275	0	128	0	147	Y	0.53
1buck_m_	201	326	0	221	0	105	Y	0.68
1buck_m_	211	351	0	76	0	275	T	0.78
1buck_m_	227	458	0	269	0	189	Y	0.59
1buck_m_	283	809	303	0	506	0	R	0.63
1buck_m_	289	868	0	584	0	284	Y	0.67
1buck_m_	337	1197	927	0	270	0	A	0.77
1buck_m_	1119	1188	691	497	0	0	M	0.58
1buck_m_	15920	128	45	0	83	0	R	0.65
1buck_m_	15930	39	16	22	0	1	M	0.56
1buck_m_	15941	28	0	19	0	9	Y	0.68
1buck_m_	15945	26	0	18	0	8	Y	0.69
1buck_m_	15947	27	0	18	0	9	Y	0.67
1buck_m_	15950	25	0	8	0	17	Y	0.68
1buck_m_	15952	23	16	0	0	7	W	0.7
1buck_m_	15965	18	5	0	0	13	W	0.72
1buck_m_	15974	4	0	4	0	0	N	1.0
1buck_m_	15975	4	0	4	0	0	N	1.0
1buck_m_	15976	4	0	0	0	4	N	1.0
1buck_m_	15977	4	0	4	0	0	N	1.0
1buck_m_	15978	4	0	0	0	4	N	1.0
1buck_m_	15979	4	4	0	0	0	N	1.0
1buck_m_	15980	4	0	0	0	4	N	1.0
1buck_m_	15981	4	0	4	0	0	N	1.0
2183f	4	24	11	0	13	0	R	0.54
2183f	51	624	223	0	401	0	R	0.64
2183f	56	636	381	0	255	0	R	0.6
2183f	64	656	523	0	133	0	A	0.8
2183f	69	653	0	513	0	140	C	0.79
2183f	100	667	0	253	0	414	Y	0.62
2183f	105	664	0	255	1	408	Y	0.61
2183f	152	628	343	0	284	1	R	0.55
2183f	158	607	464	0	143	0	A	0.76
2183f	161	621	439	0	182	0	R	0.71
2183f	185	567	0	435	0	132	C	0.77
2183f	193	469	0	181	0	288	Y	0.61
2183f	201	511	0	292	0	219	Y	0.57
2183f	203	502	0	133	0	369	Y	0.74
2183f	211	533	0	172	0	361	Y	0.68
2183f	227	652	0	349	0	303	Y	0.54
2183f	283	992	331	0	661	0	R	0.67
2183f	289	1052	0	742	0	310	Y	0.71
2183f	337	1378	1069	0	309	0	A	0.78
2183f	11559	370	294	0	0	76	A	0.79
2183f	15930	22	15	1	0	6	W	0.68
2183f	15941	13	0	4	0	9	Y	0.69
2183f	15945	13	0	4	0	9	Y	0.69
2183f	15950	12	0	8	0	4	Y	0.67
2183f	15952	12	4	0	0	8	W	0.67
2183f	15969	4	0	4	0	0	N	1.0
2183f	16325	1178	0	935	120	123	C	0.79
246f	1	2	0	0	2	0	N	1.0
246f	2	3	0	0	0	3	N	1.0
246f	4	12	6	0	6	0	R	0.5
246f	51	388	148	0	240	0	R	0.62
246f	56	393	164	0	229	0	R	0.58
246f	64	409	273	0	136	0	R	0.67
246f	69	413	0	327	0	86	C	0.79
246f	100	419	0	99	0	320	T	0.76
246f	105	418	0	100	0	318	T	0.76
246f	129	425	0	335	0	90	C	0.79
246f	152	404	179	0	225	0	R	0.56
246f	158	388	277	0	111	0	R	0.71
246f	161	380	239	0	141	0	R	0.63
246f	185	357	0	258	0	99	Y	0.72
246f	193	290	0	146	0	144	Y	0.5
246f	201	320	0	228	0	92	Y	0.71
246f	227	387	0	259	0	128	Y	0.67
246f	276	503	385	0	118	0	A	0.77
246f	283	508	266	0	242	0	R	0.52
246f	289	532	0	286	0	246	Y	0.54
246f	337	690	458	0	231	1	R	0.66
246f	435	867	230	0	637	0	R	0.73
246f	464	932	0	269	1	662	Y	0.71
246f	535	1227	248	0	979	0	G	0.8
246f	1241	1006	10	200	0	796	T	0.79
246f	1359	1162	241	0	921	0	G	0.79
246f	1507	1329	0	268	0	1061	T	0.8
246f	1517	1322	0	272	0	1050	T	0.79
246f	3770	1302	0	285	0	1017	T	0.78
246f	5141	1283	274	0	1009	0	G	0.79
246f	11559	195	148	1	0	46	A	0.76
246f	15969	28	0	8	0	20	Y	0.71
246f	15973	4	0	0	4	0	N	1.0
246f	16325	548	0	391	83	74	C	0.71
246f	16363	775	0	617	0	158	C	0.8
2869f	4	20	6	0	14	0	R	0.7
2869f	51	525	176	0	349	0	R	0.66
2869f	56	558	303	0	255	0	R	0.54
2869f	100	595	0	245	0	350	Y	0.59
2869f	105	599	0	249	0	350	Y	0.58
2869f	152	549	326	0	223	0	R	0.59
2869f	158	530	412	0	118	0	A	0.78
2869f	161	534	394	0	140	0	R	0.74
2869f	193	353	0	148	0	205	Y	0.58
2869f	201	395	1	245	0	149	Y	0.62
2869f	203	383	0	88	0	295	T	0.77
2869f	211	425	0	124	0	301	Y	0.71
2869f	227	522	0	271	0	251	Y	0.52
2869f	283	854	296	0	558	0	R	0.65
2869f	289	913	0	619	0	294	Y	0.68
2869f	337	1238	990	0	248	0	A	0.8
2869f	11559	304	230	0	0	74	A	0.76
2869f	15930	13	10	0	0	3	A	0.77
2869f	15945	11	0	3	0	8	Y	0.73
2869f	15952	11	3	0	0	8	W	0.73
2869f	15968	4	4	0	0	0	N	1.0
2869f	15969	3	0	3	0	0	N	1.0
2869f	15970	3	3	0	0	0	N	1.0
2869f	15971	1	0	0	1	0	N	1.0
3237m	1	1	0	0	1	0	N	1.0
3237m	2	1	0	0	0	1	N	1.0
3237m	3	2	0	0	0	2	N	1.0
3237m	4	2	0	0	2	0	N	1.0
3237m	51	60	14	0	46	0	G	0.77
3237m	56	62	34	0	28	0	R	0.55
3237m	64	62	48	0	14	0	A	0.77
3237m	100	56	0	24	0	32	Y	0.57
3237m	105	55	0	24	0	31	Y	0.56
3237m	152	54	37	0	17	0	R	0.69
3237m	158	52	39	0	13	0	R	0.75
3237m	161	52	41	0	11	0	A	0.79
3237m	193	43	0	16	0	27	Y	0.63
3237m	201	42	0	21	0	21	Y	0.5
3237m	203	44	0	18	0	26	Y	0.59
3237m	211	51	0	24	0	27	Y	0.53
3237m	227	68	0	23	0	45	Y	0.66
3237m	283	103	30	0	73	0	R	0.71
3237m	289	108	0	81	0	27	Y	0.75
3237m	337	124	98	0	26	0	A	0.79
3237m	11559	52	37	0	0	15	W	0.71
3237m	15972	3	0	0	0	3	N	1.0
3237m	15973	2	0	0	2	0	N	1.0
3237m	15978	2	0	0	0	2	N	1.0
3237m	15979	2	2	0	0	0	N	1.0
3237m	15980	2	0	0	0	2	N	1.0
3237m	15981	2	0	0	0	2	N	1.0
3237m	15982	2	0	0	2	0	N	1.0
369m	1	2	0	0	2	0	N	1.0
369m	2	4	0	0	0	4	N	1.0
369m	4	9	5	0	4	0	R	0.56
369m	51	383	180	0	203	0	R	0.53
369m	56	387	186	0	201	0	R	0.52
369m	64	399	267	0	132	0	R	0.67
369m	69	402	1	287	0	114	Y	0.71
369m	100	412	0	90	0	322	T	0.78
369m	105	412	0	92	0	320	T	0.78
369m	129	396	0	306	0	90	C	0.77
369m	152	375	142	0	233	0	R	0.62
369m	158	354	264	0	89	1	R	0.75
369m	159	366	0	100	0	266	Y	0.73
369m	161	363	222	0	141	0	R	0.61
369m	185	330	0	258	0	72	C	0.78
369m	193	270	0	143	0	127	Y	0.53
369m	201	320	0	227	0	93	Y	0.71
369m	211	356	0	86	0	270	T	0.76
369m	276	533	420	0	113	0	A	0.79
369m	283	561	250	0	311	0	R	0.55
369m	289	601	0	343	0	258	Y	0.57
369m	337	762	515	0	247	0	R	0.68
369m	435	964	264	0	700	0	R	0.73
369m	464	1028	0	272	0	756	Y	0.74
369m	535	1361	277	0	1083	1	G	0.8
369m	1359	1460	299	0	1161	0	G	0.8
369m	1507	1443	0	313	1	1129	T	0.78
369m	1517	1467	0	328	0	1139	T	0.78
369m	3770	1546	0	340	0	1206	T	0.78
369m	15976	1	0	1	0	0	N	1.0
369m	15977	2	0	1	0	1	N	0.5
369m	16325	620	0	445	56	119	C	0.72
369m	16363	832	0	648	0	184	C	0.78
4_Female	4	32	14	0	18	0	R	0.56
4_Female	51	578	195	0	383	0	R	0.66
4_Female	56	589	353	0	236	0	R	0.6
4_Female	100	639	0	269	0	370	Y	0.58
4_Female	105	647	0	273	0	374	Y	0.58
4_Female	152	600	344	0	256	0	R	0.57
4_Female	158	559	444	0	115	0	A	0.79
4_Female	161	546	407	0	139	0	R	0.75
4_Female	185	453	0	347	0	106	C	0.77
4_Female	193	381	0	141	0	240	Y	0.63
4_Female	201	421	0	231	0	190	Y	0.55
4_Female	203	421	1	124	0	296	Y	0.7
4_Female	211	477	0	175	0	302	Y	0.63
4_Female	227	591	0	273	0	318	Y	0.54
4_Female	283	962	276	0	686	0	R	0.71
4_Female	289	1050	0	761	0	289	Y	0.72
4_Female	11559	345	265	1	0	79	A	0.77
4_Female	15941	8	0	3	0	5	Y	0.62
4_Female	15945	7	0	3	0	4	Y	0.57
4_Female	15950	7	0	4	0	3	Y	0.57
4_Female	15952	7	3	0	0	4	W	0.57
4_Female	15958	4	4	0	0	0	N	1.0
4_Female	15959	4	0	0	0	4	N	1.0
4_Female	15960	4	4	0	0	0	N	1.0
4_Female	15961	4	4	0	0	0	N	1.0
4_Female	15962	4	0	0	4	0	N	1.0
4_Female	15963	4	0	4	0	0	N	1.0
4_Female	15964	4	4	0	0	0	N	1.0
4_Female	15965	3	3	0	0	0	N	1.0
4_Female	15966	3	0	0	3	0	N	1.0
4_Female	15967	3	0	0	0	3	N	1.0
4_Female	15968	3	3	0	0	0	N	1.0
4_Female	15969	3	0	3	0	0	N	1.0
4_Female	15970	3	3	0	0	0	N	1.0
4_Female	15981	1	0	0	0	1	N	1.0
4_Female	16325	1182	0	924	120	138	C	0.78
4lb__f_	4	15	5	0	10	0	R	0.67
4lb__f_	51	423	122	0	301	0	R	0.71
4lb__f_	56	434	245	0	189	0	R	0.56
4lb__f_	100	443	0	201	0	242	Y	0.55
4lb__f_	105	448	0	208	0	240	Y	0.54
4lb__f_	152	440	267	0	173	0	R	0.61
4lb__f_	161	409	308	0	101	0	A	0.75
4lb__f_	185	338	1	245	0	92	Y	0.72
4lb__f_	193	270	0	103	0	167	Y	0.62
4lb__f_	201	282	0	166	0	116	Y	0.59
4lb__f_	211	336	0	96	0	240	Y	0.71
4lb__f_	227	414	0	205	0	209	Y	0.5
4lb__f_	283	700	238	0	462	0	R	0.66
4lb__f_	289	746	0	517	0	229	Y	0.69
4lb__f_	337	1046	795	0	251	0	A	0.76
4lb__f_	11559	269	199	2	0	68	W	0.74
4lb__f_	11696	2146	0	452	0	1694	T	0.79
4lb__f_	15982	1	0	0	1	0	N	1.0
4lb__f_	16325	883	0	687	112	84	C	0.78
4lb__f_	16495	1444	5	1078	0	361	Y	0.75
584f	4	16	11	0	5	0	R	0.69
584f	51	366	180	0	186	0	R	0.51
584f	54	371	0	293	0	78	C	0.79
584f	56	383	196	0	185	2	R	0.51
584f	64	395	298	0	97	0	A	0.75
584f	69	407	1	277	0	129	Y	0.68
584f	100	410	0	85	0	325	T	0.79
584f	105	411	0	86	0	325	T	0.79
584f	129	404	0	321	0	83	C	0.79
584f	134	399	2	319	0	78	C	0.8
584f	152	370	145	0	225	0	R	0.61
584f	158	363	238	0	125	0	R	0.66
584f	161	376	234	0	142	0	R	0.62
584f	185	365	0	291	0	74	C	0.8
584f	193	284	0	147	0	137	Y	0.52
584f	201	357	0	251	0	106	Y	0.7
584f	227	403	0	298	0	105	Y	0.74
584f	276	523	417	0	106	0	A	0.8
584f	283	528	297	0	231	0	R	0.56
584f	289	562	0	265	0	297	Y	0.53
584f	337	673	408	0	265	0	R	0.61
584f	350	720	0	149	0	571	T	0.79
584f	435	837	288	0	549	0	R	0.66
584f	436	837	655	0	182	0	A	0.78
584f	455	859	204	0	0	655	T	0.76
584f	464	897	0	274	0	623	Y	0.69
584f	535	1096	266	0	829	1	G	0.76
584f	798	1340	0	291	1	1048	T	0.78
584f	952	1138	881	77	0	180	A	0.77
584f	1191	746	0	167	0	579	T	0.78
584f	1241	962	17	234	1	710	T	0.74
584f	1359	1088	284	1	803	0	R	0.74
584f	1406	1080	0	860	0	220	C	0.8
584f	1507	1148	0	302	0	846	Y	0.74
584f	1517	1095	0	251	0	844	T	0.77
584f	1678	1157	879	1	277	0	A	0.76
584f	1704	1163	0	877	0	286	C	0.75
584f	1706	1177	0	914	0	263	C	0.78
584f	1763	1192	0	900	0	292	C	0.76
584f	1820	1206	0	931	0	275	C	0.77
584f	1829	1225	266	0	959	0	G	0.78
584f	2011	1394	0	379	0	1015	Y	0.73
584f	2139	1382	299	0	1083	0	G	0.78
584f	2183	1362	0	319	0	1043	T	0.77
584f	2198	1326	1	281	0	1044	T	0.79
584f	2222	1293	0	255	30	1008	T	0.78
584f	2270	1333	302	0	1031	0	G	0.77
584f	2766	1115	0	243	0	872	T	0.78
584f	3635	1146	259	0	887	0	G	0.77
584f	3770	1334	0	370	0	964	Y	0.72
584f	4164	1196	254	1	941	0	G	0.79
584f	4166	1209	0	952	0	257	C	0.79
584f	4284	1238	279	0	959	0	G	0.77
584f	4326	1189	246	1	0	942	T	0.79
584f	4360	1184	246	0	938	0	G	0.79
584f	4363	1203	0	248	0	955	T	0.79
584f	4687	1231	289	0	941	1	G	0.76
584f	5141	1243	312	0	931	0	R	0.75
584f	5312	1309	279	1	1029	0	G	0.79
584f	6735	1345	23	1052	0	270	C	0.78
584f	6863	1328	321	0	1007	0	G	0.76
584f	6962	1314	0	271	0	1043	T	0.79
584f	6972	1275	0	259	0	1016	T	0.8
584f	11559	210	160	0	0	50	A	0.76
584f	14526	1134	0	292	0	842	Y	0.74
584f	15973	4	0	0	4	0	N	1.0
584f	15974	1	0	0	0	1	N	1.0
584f	15975	1	0	1	0	0	N	1.0
584f	15976	1	0	1	0	0	N	1.0
584f	15977	1	0	0	0	1	N	1.0
584f	15978	1	0	0	0	1	N	1.0
584f	15979	1	1	0	0	0	N	1.0
584f	15980	1	0	0	0	1	N	1.0
584f	15981	1	0	0	0	1	N	1.0
584f	16232	477	0	344	0	133	Y	0.72
584f	16325	576	0	337	102	137	C	0.59
584f	16363	690	0	484	0	206	Y	0.7
584f	16376	758	579	0	179	0	A	0.76
7ps__f_	4	18	9	0	9	0	R	0.5
7ps__f_	51	406	157	0	249	0	R	0.61
7ps__f_	56	416	184	0	232	0	R	0.56
7ps__f_	64	435	340	0	95	0	A	0.78
7ps__f_	100	449	0	125	0	324	Y	0.72
7ps__f_	105	452	1	133	0	318	Y	0.7
7ps__f_	152	423	207	0	216	0	R	0.51
7ps__f_	158	415	302	0	113	0	R	0.73
7ps__f_	161	414	286	0	128	0	R	0.69
7ps__f_	185	382	0	280	0	102	Y	0.73
7ps__f_	193	331	0	136	0	195	Y	0.59
7ps__f_	201	352	0	215	0	137	Y	0.61
7ps__f_	203	347	0	70	0	277	T	0.8
7ps__f_	211	364	0	84	0	280	T	0.77
7ps__f_	227	430	0	263	0	167	Y	0.61
7ps__f_	283	601	274	0	327	0	R	0.54
7ps__f_	289	640	0	364	0	276	Y	0.57
7ps__f_	337	763	521	0	242	0	R	0.68
7ps__f_	427	974	0	249	0	725	Y	0.74
7ps__f_	435	970	256	0	714	0	R	0.74
7ps__f_	464	1072	0	269	1	802	Y	0.75
7ps__f_	3770	1708	0	399	0	1309	T	0.77
7ps__f_	11559	245	179	1	1	64	W	0.73
7ps__f_	13178	1356	0	713	0	643	Y	0.53
7ps__f_	15975	7	0	2	0	5	Y	0.71
7ps__f_	15976	3	0	2	0	1	N	0.67
7ps__f_	15977	1	0	1	0	0	N	1.0
7ps__f_	15978	1	0	0	0	1	N	1.0
7ps__f_	15979	3	3	0	0	0	N	1.0
7ps__f_	15980	3	0	2	0	1	N	0.67
7ps__f_	15981	3	0	3	0	0	N	1.0
7ps__f_	16325	651	0	445	95	111	C	0.68
7ps__f_	16363	800	0	581	0	219	Y	0.73
7ps__f_	16376	934	744	0	190	0	A	0.8
803m	4	27	12	0	15	0	R	0.56
803m	51	735	252	0	483	0	R	0.66
803m	56	758	476	0	282	0	R	0.63
803m	64	782	620	0	162	0	A	0.79
803m	69	782	0	608	0	174	C	0.78
803m	100	805	0	331	0	474	Y	0.59
803m	105	809	0	343	0	466	Y	0.58
803m	152	798	460	0	338	0	R	0.58
803m	158	758	602	0	155	1	A	0.79
803m	161	742	544	0	198	0	R	0.73
803m	185	651	0	518	0	133	C	0.8
803m	193	525	0	201	0	324	Y	0.62
803m	201	598	0	336	0	262	Y	0.56
803m	203	592	0	174	0	418	Y	0.71
803m	211	651	0	227	0	424	Y	0.65
803m	227	798	0	401	0	397	Y	0.5
803m	283	1244	419	0	825	0	R	0.66
803m	289	1330	0	905	0	425	Y	0.68
803m	337	1746	1346	1	399	0	A	0.77
803m	11559	478	374	0	1	103	A	0.78
803m	15974	2	0	0	0	2	N	1.0
803m	15975	1	0	1	0	0	N	1.0
803m	15978	1	0	0	0	1	N	1.0
803m	15979	1	1	0	0	0	N	1.0
803m	15980	1	0	0	0	1	N	1.0
803m	15981	1	0	1	0	0	N	1.0
803m	16325	1247	0	935	156	156	C	0.75
814m	4	18	9	0	9	0	R	0.5
814m	51	469	168	0	301	0	R	0.64
814m	56	484	262	0	222	0	R	0.54
814m	64	483	381	0	102	0	A	0.79
814m	69	471	0	371	0	100	C	0.79
814m	100	521	0	195	0	326	Y	0.63
814m	105	518	0	200	1	317	Y	0.61
814m	152	525	305	0	220	0	R	0.58
814m	158	479	381	0	97	1	A	0.8
814m	161	466	351	0	115	0	A	0.75
814m	185	409	0	309	0	100	C	0.76
814m	193	344	0	133	0	211	Y	0.61
814m	201	378	0	219	0	159	Y	0.58
814m	203	376	0	84	0	292	T	0.78
814m	211	418	0	119	0	299	Y	0.72
814m	227	508	0	251	0	257	Y	0.51
814m	283	776	253	0	523	0	R	0.67
814m	289	815	0	569	0	246	Y	0.7
814m	337	1121	886	0	235	0	A	0.79
814m	11559	313	244	0	0	69	A	0.78
814m	16325	916	0	718	85	113	C	0.78
836m	4	17	6	0	11	0	R	0.65
836m	51	406	144	0	262	0	R	0.65
836m	56	417	245	0	172	0	R	0.59
836m	100	438	0	193	0	245	Y	0.56
836m	105	446	0	194	0	252	Y	0.57
836m	152	401	238	0	163	0	R	0.59
836m	158	365	276	0	89	0	A	0.76
836m	161	362	267	0	95	0	R	0.74
836m	193	240	0	99	0	141	Y	0.59
836m	201	263	0	159	0	104	Y	0.6
836m	203	263	0	57	0	206	T	0.78
836m	211	314	0	97	0	217	Y	0.69
836m	227	382	0	213	0	169	Y	0.56
836m	283	602	225	0	377	0	R	0.63
836m	289	641	0	420	0	221	Y	0.66
836m	337	881	660	0	221	0	R	0.75
836m	435	1223	252	0	971	0	G	0.79
836m	14526	1920	1	717	0	1202	Y	0.63
836m	16325	788	0	585	74	129	C	0.74
849m	4	22	11	0	11	0	R	0.5
849m	51	485	173	0	312	0	R	0.64
849m	56	496	296	0	200	0	R	0.6
849m	64	512	407	0	105	0	A	0.79
849m	100	504	0	243	0	261	Y	0.52
849m	105	490	0	237	0	253	Y	0.52
849m	152	472	294	0	178	0	R	0.62
849m	161	443	337	0	106	0	A	0.76
849m	193	287	0	131	1	155	Y	0.54
849m	201	321	1	208	0	112	Y	0.65
849m	203	313	0	79	0	234	Y	0.75
849m	211	365	0	120	0	245	Y	0.67
849m	227	471	0	245	0	226	Y	0.52
849m	283	804	223	0	581	0	R	0.72
849m	289	864	0	638	0	226	Y	0.74
855m	4	13	4	0	9	0	R	0.69
855m	51	489	161	0	328	0	R	0.67
855m	56	499	328	0	171	0	R	0.66
855m	64	513	408	0	105	0	A	0.8
855m	69	522	0	416	0	106	C	0.8
855m	100	552	0	231	0	321	Y	0.58
855m	105	554	0	234	0	320	Y	0.58
855m	152	479	288	0	191	0	R	0.6
855m	158	470	372	0	98	0	A	0.79
855m	161	466	356	0	110	0	A	0.76
855m	185	380	0	299	0	81	C	0.79
855m	193	282	0	122	0	160	Y	0.57
855m	201	332	0	207	0	125	Y	0.62
855m	211	365	0	80	0	285	T	0.78
855m	227	452	0	248	0	204	Y	0.55
855m	283	773	292	0	481	0	R	0.62
855m	289	852	1	564	0	287	Y	0.66
855m	337	1178	899	0	279	0	A	0.76
855m	11559	293	229	0	2	62	A	0.78
855m	15976	2	0	1	0	1	N	0.5
855m	15977	2	0	2	0	0	N	1.0
855m	15978	2	0	0	0	2	N	1.0
855m	15979	2	2	0	0	0	N	1.0
855m	15980	2	0	0	0	2	N	1.0
855m	15981	2	0	2	0	0	N	1.0
855m	16325	980	0	762	88	130	C	0.78
9ks__f_	4	13	7	0	6	0	R	0.54
9ks__f_	51	377	148	0	229	0	R	0.61
9ks__f_	56	385	160	0	225	0	R	0.58
9ks__f_	64	394	294	0	100	0	R	0.75
9ks__f_	100	422	0	97	0	325	T	0.77
9ks__f_	105	418	0	98	0	320	T	0.77
9ks__f_	152	388	180	0	208	0	R	0.54
9ks__f_	158	385	270	0	115	0	R	0.7
9ks__f_	161	391	262	0	129	0	R	0.67
9ks__f_	185	382	0	265	0	117	Y	0.69
9ks__f_	193	315	0	136	0	179	Y	0.57
9ks__f_	201	369	0	222	0	147	Y	0.6
9ks__f_	227	427	0	281	0	146	Y	0.66
9ks__f_	283	611	313	0	298	0	R	0.51
9ks__f_	289	644	0	338	0	306	Y	0.52
9ks__f_	337	794	511	0	283	0	R	0.64
9ks__f_	435	983	245	0	737	1	G	0.75
9ks__f_	464	1049	0	250	1	798	T	0.76
9ks__f_	1241	1111	12	219	0	880	T	0.79
9ks__f_	1359	1306	309	0	997	0	G	0.76
9ks__f_	1507	1428	0	297	0	1131	T	0.79
9ks__f_	1517	1435	0	304	0	1131	T	0.79
9ks__f_	3770	1382	0	307	0	1075	T	0.78
9ks__f_	6863	1521	287	0	1214	20	G	0.8
9ks__f_	11559	233	181	0	2	50	A	0.78
9ks__f_	15976	4	0	4	0	0	N	1.0
9ks__f_	15977	4	0	0	0	4	N	1.0
9ks__f_	16325	699	0	498	108	93	C	0.71
9ks__f_	16363	873	0	687	0	186	C	0.79
Bk_6__m_	4	21	12	0	9	0	R	0.57
Bk_6__m_	51	509	181	0	328	0	R	0.64
Bk_6__m_	56	532	336	0	196	0	R	0.63
Bk_6__m_	69	557	0	429	0	128	C	0.77
Bk_6__m_	100	601	0	236	0	365	Y	0.61
Bk_6__m_	105	599	0	241	0	358	Y	0.6
Bk_6__m_	152	589	366	1	215	7	R	0.62
Bk_6__m_	185	501	0	383	0	118	C	0.76
Bk_6__m_	193	434	0	116	0	318	Y	0.73
Bk_6__m_	201	447	0	213	0	234	Y	0.52
Bk_6__m_	203	443	0	151	0	292	Y	0.66
Bk_6__m_	211	488	0	201	0	287	Y	0.59
Bk_6__m_	227	574	0	234	0	340	Y	0.59
Bk_6__m_	283	821	255	0	566	0	R	0.69
Bk_6__m_	289	868	0	616	0	252	Y	0.71
Bk_6__m_	337	1100	865	0	235	0	A	0.79
Bk_6__m_	11559	322	245	2	0	75	A	0.76
Bk_6__m_	15941	10	0	3	0	7	Y	0.7
Bk_6__m_	15957	4	0	0	0	4	N	1.0
Bk_6__m_	15963	4	0	4	0	0	N	1.0
Bk_6__m_	15964	4	4	0	0	0	N	1.0
Bk_6__m_	15965	3	3	0	0	0	N	1.0
Bk_6__m_	15966	2	0	0	2	0	N	1.0
Bk_6__m_	15967	2	0	0	0	2	N	1.0
Bk_6__m_	15968	1	1	0	0	0	N	1.0
Bk_6__m_	15969	1	0	1	0	0	N	1.0
Bk_6__m_	15970	1	1	0	0	0	N	1.0
Bk_6__m_	16325	1018	0	773	83	162	C	0.76
Hir_13_m_	4	25	12	0	13	0	R	0.52
Hir_13_m_	51	556	146	2	408	0	R	0.73
Hir_13_m_	56	578	367	0	211	0	R	0.63
Hir_13_m_	100	627	0	332	0	295	Y	0.53
Hir_13_m_	105	644	0	339	0	305	Y	0.53
Hir_13_m_	152	624	410	0	214	0	R	0.66
Hir_13_m_	161	598	478	0	120	0	A	0.8
Hir_13_m_	185	479	0	359	0	120	Y	0.75
Hir_13_m_	193	399	0	121	0	278	Y	0.7
Hir_13_m_	201	433	0	214	0	219	Y	0.51
Hir_13_m_	203	413	0	134	0	279	Y	0.68
Hir_13_m_	211	479	0	195	0	284	Y	0.59
Hir_13_m_	227	601	0	252	0	349	Y	0.58
Hir_13_m_	283	993	262	0	731	0	R	0.74
Hir_13_m_	289	1081	0	811	0	270	C	0.75
Hir_13_m_	11559	342	270	0	0	72	A	0.79
Hir_13_m_	15976	2	0	1	0	1	N	0.5
Hir_5f	4	31	7	0	24	0	G	0.77
Hir_5f	51	510	158	0	352	0	R	0.69
Hir_5f	56	523	320	0	203	0	R	0.61
Hir_5f	100	601	0	282	1	318	Y	0.53
Hir_5f	105	593	0	284	0	309	Y	0.52
Hir_5f	152	564	345	0	219	0	R	0.61
Hir_5f	158	534	426	0	108	0	A	0.8
Hir_5f	161	526	381	0	145	0	R	0.72
Hir_5f	193	392	0	152	1	239	Y	0.61
Hir_5f	201	419	1	241	0	177	Y	0.58
Hir_5f	203	411	0	116	0	295	Y	0.72
Hir_5f	211	456	0	170	0	286	Y	0.63
Hir_5f	227	567	0	256	0	311	Y	0.55
Hir_5f	283	952	251	0	701	0	R	0.74
Hir_5f	289	1030	0	768	0	262	Y	0.75
Hir_5f	11559	382	303	0	2	77	A	0.79
Kh_5__m_	4	18	11	0	7	0	R	0.61
Kh_5__m_	51	440	146	0	294	0	R	0.67
Kh_5__m_	56	445	220	0	225	0	R	0.51
Kh_5__m_	64	458	349	0	109	0	A	0.76
Kh_5__m_	69	460	0	361	0	99	C	0.78
Kh_5__m_	100	470	0	160	0	310	Y	0.66
Kh_5__m_	105	460	0	161	0	299	Y	0.65
Kh_5__m_	152	441	228	0	213	0	R	0.52
Kh_5__m_	158	424	327	0	97	0	A	0.77
Kh_5__m_	161	435	318	0	117	0	R	0.73
Kh_5__m_	193	296	0	119	0	177	Y	0.6
Kh_5__m_	201	337	0	204	0	133	Y	0.61
Kh_5__m_	203	332	0	91	0	241	Y	0.73
Kh_5__m_	211	366	0	119	0	247	Y	0.67
Kh_5__m_	227	437	1	235	0	201	Y	0.54
Kh_5__m_	283	662	284	0	378	0	R	0.57
Kh_5__m_	289	672	0	414	0	258	Y	0.62
Kh_5__m_	337	845	626	0	219	0	R	0.74
Kh_5__m_	427	1068	0	247	0	821	T	0.77
Kh_5__m_	435	1069	253	0	816	0	G	0.76
Kh_5__m_	464	1139	1	265	0	873	T	0.77
Kh_5__m_	3770	1830	0	429	0	1401	T	0.77
Kh_5__m_	6547	1972	449	0	1523	0	G	0.77
Kh_5__m_	11559	247	184	0	0	63	W	0.74
Kh_5__m_	16325	685	0	481	89	115	C	0.7
Kh_5__m_	16363	838	0	627	0	211	Y	0.75
