Gene,N_animals,N_codons,S_sites,N_sites,pS,pN,dS,dN,dN_dS_ratio,Note
ND1,22,319,230.7,726.3,0.00154,0.0,0.00154,-0.0,-0.0,
ND2,22,348,248.06,795.94,0.00037,0.00022,0.00037,0.00022,0.5936,
COX1,22,515,368.0,1177.0,0.00218,0.0,0.00218,-0.0,-0.0,
COX2,22,228,155.0,529.0,0.0,0.0,-0.0,-0.0,NA,dS=0 -- ratio undefined (no synonymous divergence observed)
ATP8,22,66,42.33,155.67,0.0,0.0,-0.0,-0.0,NA,dS=0 -- ratio undefined (no synonymous divergence observed)
ATP6,22,227,167.36,513.64,0.00274,0.00018,0.00275,0.00018,0.0644,
COX3,22,261,181.67,601.33,0.00095,0.00015,0.00095,0.00015,0.1585,
ND3,22,116,85.64,262.36,0.00106,0.0,0.00106,-0.0,-0.0,
ND4L,22,99,72.0,225.0,0.00126,0.0,0.00126,-0.0,-0.0,
ND4,22,459,332.91,1044.09,0.0026,0.00024,0.00261,0.00024,0.0907,
ND5,22,610,418.73,1411.27,0.00065,0.00019,0.00065,0.00019,0.2966,
ND6,22,176,115.67,412.33,0.00449,0.0,0.0045,-0.0,-0.0,
CYTB,22,380,264.67,875.33,0.00069,0.0003,0.00069,0.0003,0.439,
